Modulo;Casillero;Nombre;Area
1;1;Vacío;Sin asignar
1;2;Vacío;Sin asignar
1;3;Vacío;Sin asignar
1;4;Vacío;Sin asignar
1;5;Vacío;Sin asignar
1;6;Vacío;Sin asignar
1;7;Vacío;Sin asignar
1;8;Vacío;Sin asignar
1;9;Vacío;Sin asignar
1;10;Vacío;Sin asignar
1;11;Vacío;Sin asignar
1;12;Vacío;Sin asignar
2;1;Vacío;Sin asignar
2;2;Vacío;Sin asignar
2;3;Vacío;Sin asignar
2;4;Vacío;Sin asignar
2;5;Vacío;Sin asignar
2;6;Vacío;Sin asignar
2;7;Vacío;Sin asignar
2;8;Vacío;Sin asignar
2;9;Vacío;Sin asignar
2;10;Vacío;Sin asignar
2;11;Vacío;Sin asignar
2;12;Vacío;Sin asignar
3;1;Vacío;Sin asignar
3;2;Vacío;Sin asignar
3;3;Vacío;Sin asignar
3;4;Vacío;Sin asignar
3;5;Vacío;Sin asignar
3;6;Vacío;Sin asignar
3;7;Vacío;Sin asignar
3;8;Vacío;Sin asignar
3;9;Vacío;Sin asignar
3;10;Vacío;Sin asignar
3;11;Vacío;Sin asignar
3;12;Vacío;Sin asignar
4;1;Vacío;Sin asignar
4;2;Vacío;Sin asignar
4;3;Vacío;Sin asignar
4;4;Vacío;Sin asignar
4;5;Vacío;Sin asignar
4;6;Vacío;Sin asignar
4;7;Vacío;Sin asignar
4;8;Vacío;Sin asignar
4;9;Vacío;Sin asignar
4;10;Vacío;Sin asignar
4;11;Vacío;Sin asignar
4;12;Vacío;Sin asignar
5;1;Vacío;Sin asignar
5;2;Vacío;Sin asignar
5;3;Vacío;Sin asignar
5;4;Vacío;Sin asignar
5;5;Vacío;Sin asignar
5;6;Vacío;Sin asignar
5;7;Vacío;Sin asignar
5;8;Vacío;Sin asignar
5;9;Vacío;Sin asignar
5;10;Vacío;Sin asignar
5;11;Vacío;Sin asignar
5;12;Vacío;Sin asignar
6;1;Vacío;Sin asignar
6;2;Vacío;Sin asignar
6;3;Vacío;Sin asignar
6;4;Vacío;Sin asignar
6;5;Vacío;Sin asignar
6;6;Vacío;Sin asignar
6;7;Vacío;Sin asignar
6;8;Vacío;Sin asignar
6;9;Vacío;Sin asignar
6;10;Vacío;Sin asignar
6;11;Vacío;Sin asignar
6;12;Vacío;Sin asignar
7;1;Vacío;Sin asignar
7;2;Vacío;Sin asignar
7;3;Vacío;Sin asignar
7;4;Vacío;Sin asignar
7;5;Vacío;Sin asignar
7;6;Vacío;Sin asignar
7;7;Vacío;Sin asignar
7;8;Vacío;Sin asignar
7;9;Vacío;Sin asignar
7;10;Vacío;Sin asignar
7;11;Vacío;Sin asignar
7;12;Vacío;Sin asignar
8;1;Vacío;Sin asignar
8;2;Vacío;Sin asignar
8;3;Vacío;Sin asignar
8;4;Vacío;Sin asignar
8;5;Vacío;Sin asignar
8;6;Vacío;Sin asignar
8;7;Vacío;Sin asignar
8;8;Vacío;Sin asignar
8;9;Vacío;Sin asignar
8;10;Vacío;Sin asignar
8;11;Vacío;Sin asignar
8;12;Vacío;Sin asignar
